-- MySQL dump 10.13  Distrib 8.0.33, for Win64 (x86_64)
--
-- Host: 127.0.0.1    Database: with-play
-- ------------------------------------------------------
-- Server version	8.0.33

/*!40101 SET @OLD_CHARACTER_SET_CLIENT=@@CHARACTER_SET_CLIENT */;
/*!40101 SET @OLD_CHARACTER_SET_RESULTS=@@CHARACTER_SET_RESULTS */;
/*!40101 SET @OLD_COLLATION_CONNECTION=@@COLLATION_CONNECTION */;
/*!50503 SET NAMES utf8mb4 */;
/*!40103 SET @OLD_TIME_ZONE=@@TIME_ZONE */;
/*!40103 SET TIME_ZONE='+00:00' */;
/*!40014 SET @OLD_UNIQUE_CHECKS=@@UNIQUE_CHECKS, UNIQUE_CHECKS=0 */;
/*!40014 SET @OLD_FOREIGN_KEY_CHECKS=@@FOREIGN_KEY_CHECKS, FOREIGN_KEY_CHECKS=0 */;
/*!40101 SET @OLD_SQL_MODE=@@SQL_MODE, SQL_MODE='NO_AUTO_VALUE_ON_ZERO' */;
/*!40111 SET @OLD_SQL_NOTES=@@SQL_NOTES, SQL_NOTES=0 */;

--
-- Table structure for table `invite`
--

DROP TABLE IF EXISTS `invite`;
/*!40101 SET @saved_cs_client     = @@character_set_client */;
/*!50503 SET character_set_client = utf8mb4 */;
CREATE TABLE `invite` (
  `id` int NOT NULL AUTO_INCREMENT COMMENT '用户唯一ID',
  `post_id` int NOT NULL COMMENT '详细帖子ID',
  `inviter_id` int NOT NULL COMMENT '发起人ID',
  `invitee_id` int DEFAULT NULL COMMENT '参加人ID',
  `cancel` int DEFAULT '0' COMMENT '是否取消',
  PRIMARY KEY (`id`)
) ENGINE=MyISAM AUTO_INCREMENT=25 DEFAULT CHARSET=utf8mb4 COLLATE=utf8mb4_0900_ai_ci;
/*!40101 SET character_set_client = @saved_cs_client */;

--
-- Dumping data for table `invite`
--

LOCK TABLES `invite` WRITE;
/*!40000 ALTER TABLE `invite` DISABLE KEYS */;
INSERT INTO `invite` VALUES (18,15,5,3,1),(13,20,10,3,1),(19,17,7,3,1),(12,18,8,3,1),(20,15,5,3,1),(16,25,5,3,1),(17,17,7,3,1),(21,28,3,1,1),(22,25,5,3,0),(23,16,6,3,1),(24,15,5,3,1);
/*!40000 ALTER TABLE `invite` ENABLE KEYS */;
UNLOCK TABLES;

--
-- Table structure for table `invite_1`
--

DROP TABLE IF EXISTS `invite_1`;
/*!40101 SET @saved_cs_client     = @@character_set_client */;
/*!50503 SET character_set_client = utf8mb4 */;
CREATE TABLE `invite_1` (
  `id` int DEFAULT NULL,
  `post_id` int DEFAULT NULL,
  `inviter_id` int DEFAULT NULL,
  `invitee_id` int DEFAULT NULL,
  `cancel` int DEFAULT NULL
) ENGINE=InnoDB DEFAULT CHARSET=utf8mb4 COLLATE=utf8mb4_0900_ai_ci;
/*!40101 SET character_set_client = @saved_cs_client */;

--
-- Dumping data for table `invite_1`
--

LOCK TABLES `invite_1` WRITE;
/*!40000 ALTER TABLE `invite_1` DISABLE KEYS */;
INSERT INTO `invite_1` VALUES (18,15,5,3,1),(13,20,10,3,1),(19,17,7,3,1),(12,18,8,3,1),(20,15,5,3,1),(16,25,5,3,1),(17,17,7,3,1),(21,28,3,1,1),(22,25,5,3,0),(23,16,6,3,1),(24,15,5,3,1);
/*!40000 ALTER TABLE `invite_1` ENABLE KEYS */;
UNLOCK TABLES;

--
-- Table structure for table `login_log`
--

DROP TABLE IF EXISTS `login_log`;
/*!40101 SET @saved_cs_client     = @@character_set_client */;
/*!50503 SET character_set_client = utf8mb4 */;
CREATE TABLE `login_log` (
  `id` bigint NOT NULL AUTO_INCREMENT COMMENT '日志id',
  `user_id` int NOT NULL COMMENT '用户id',
  `login_time` timestamp NOT NULL DEFAULT CURRENT_TIMESTAMP ON UPDATE CURRENT_TIMESTAMP COMMENT '登陆时间',
  `ip` varchar(30) NOT NULL COMMENT '登陆IP',
  `device` varchar(200) DEFAULT NULL COMMENT '设备',
  PRIMARY KEY (`id`)
) ENGINE=MyISAM AUTO_INCREMENT=137 DEFAULT CHARSET=utf8mb4 COLLATE=utf8mb4_0900_ai_ci;
/*!40101 SET character_set_client = @saved_cs_client */;

--
-- Dumping data for table `login_log`
--

LOCK TABLES `login_log` WRITE;
/*!40000 ALTER TABLE `login_log` DISABLE KEYS */;
INSERT INTO `login_log` VALUES (1,4,'2018-01-19 09:50:44','0:0:0:0:0:0:0:1','WOW64) AppleWebKit/537.36 (KHTML, like Gecko) Chrome/63.0.3239.132 Safari/537.36'),(2,4,'2018-01-19 09:51:37','0:0:0:0:0:0:0:1','WOW64) AppleWebKit/537.36 (KHTML, like Gecko) Chrome/63.0.3239.132 Safari/537.36'),(3,4,'2018-01-19 09:54:59','0:0:0:0:0:0:0:1','WOW64) AppleWebKit/537.36 (KHTML, like Gecko) Chrome/63.0.3239.132 Safari/537.36'),(4,4,'2018-01-19 10:01:51','0:0:0:0:0:0:0:1','Win64'),(5,4,'2018-01-19 10:07:26','0:0:0:0:0:0:0:1','WOW64) AppleWebKit/537.36 (KHTML, like Gecko) Chrome/63.0.3239.132 Safari/537.36'),(6,4,'2018-01-19 10:24:16','0:0:0:0:0:0:0:1','WOW64) AppleWebKit/537.36 (KHTML, like Gecko) Chrome/63.0.3239.132 Safari/537.36'),(7,4,'2018-01-19 10:32:37','0:0:0:0:0:0:0:1','WOW64) AppleWebKit/537.36 (KHTML, like Gecko) Chrome/63.0.3239.132 Safari/537.36'),(8,4,'2018-01-19 10:32:58','0:0:0:0:0:0:0:1','WOW64) AppleWebKit/537.36 (KHTML, like Gecko) Chrome/63.0.3239.132 Safari/537.36'),(9,4,'2018-01-19 12:07:36','0:0:0:0:0:0:0:1','WOW64) AppleWebKit/537.36 (KHTML, like Gecko) Chrome/63.0.3239.132 Safari/537.36'),(10,4,'2018-01-19 12:53:28','0:0:0:0:0:0:0:1','WOW64) AppleWebKit/537.36 (KHTML, like Gecko) Chrome/63.0.3239.132 Safari/537.36'),(11,4,'2018-01-20 02:49:24','0:0:0:0:0:0:0:1','WOW64) AppleWebKit/537.36 (KHTML, like Gecko) Chrome/63.0.3239.132 Safari/537.36'),(12,4,'2018-01-20 03:13:57','0:0:0:0:0:0:0:1','WOW64) AppleWebKit/537.36 (KHTML, like Gecko) Chrome/63.0.3239.132 Safari/537.36'),(13,4,'2018-01-20 03:50:44','0:0:0:0:0:0:0:1','WOW64) AppleWebKit/537.36 (KHTML, like Gecko) Chrome/63.0.3239.132 Safari/537.36'),(14,4,'2018-01-20 03:54:05','0:0:0:0:0:0:0:1','WOW64) AppleWebKit/537.36 (KHTML, like Gecko) Chrome/63.0.3239.132 Safari/537.36'),(15,4,'2018-01-20 06:00:54','0:0:0:0:0:0:0:1','WOW64) AppleWebKit/537.36 (KHTML, like Gecko) Chrome/63.0.3239.132 Safari/537.36'),(16,4,'2018-01-20 06:03:04','0:0:0:0:0:0:0:1','WOW64) AppleWebKit/537.36 (KHTML, like Gecko) Chrome/63.0.3239.132 Safari/537.36'),(17,3,'2018-01-20 06:21:55','0:0:0:0:0:0:0:1','WOW64) AppleWebKit/537.36 (KHTML, like Gecko) Chrome/63.0.3239.132 Safari/537.36'),(18,4,'2018-01-20 07:04:02','0:0:0:0:0:0:0:1','WOW64) AppleWebKit/537.36 (KHTML, like Gecko) Chrome/63.0.3239.132 Safari/537.36'),(19,3,'2018-01-20 08:09:58','0:0:0:0:0:0:0:1','WOW64) AppleWebKit/537.36 (KHTML, like Gecko) Chrome/63.0.3239.132 Safari/537.36'),(20,4,'2018-01-20 10:30:48','0:0:0:0:0:0:0:1','WOW64) AppleWebKit/537.36 (KHTML, like Gecko) Chrome/63.0.3239.132 Safari/537.36'),(21,3,'2018-01-20 11:06:34','0:0:0:0:0:0:0:1','WOW64) AppleWebKit/537.36 (KHTML, like Gecko) Chrome/63.0.3239.132 Safari/537.36'),(22,4,'2018-01-20 12:13:21','0:0:0:0:0:0:0:1','WOW64) AppleWebKit/537.36 (KHTML, like Gecko) Chrome/63.0.3239.132 Safari/537.36'),(23,4,'2018-01-20 12:16:14','0:0:0:0:0:0:0:1','Win64'),(24,4,'2018-01-21 02:07:31','0:0:0:0:0:0:0:1','WOW64) AppleWebKit/537.36 (KHTML, like Gecko) Chrome/63.0.3239.132 Safari/537.36'),(25,4,'2018-01-21 05:25:29','0:0:0:0:0:0:0:1','WOW64) AppleWebKit/537.36 (KHTML, like Gecko) Chrome/63.0.3239.132 Safari/537.36'),(26,4,'2018-01-24 02:12:07','0:0:0:0:0:0:0:1','WOW64) AppleWebKit/537.36 (KHTML, like Gecko) Chrome/63.0.3239.132 Safari/537.36'),(27,4,'2018-01-24 05:49:59','0:0:0:0:0:0:0:1','WOW64) AppleWebKit/537.36 (KHTML, like Gecko) Chrome/63.0.3239.132 Safari/537.36'),(28,4,'2018-01-24 05:56:08','0:0:0:0:0:0:0:1','WOW64) AppleWebKit/537.36 (KHTML, like Gecko) Chrome/63.0.3239.132 Safari/537.36'),(29,4,'2018-01-24 06:00:49','0:0:0:0:0:0:0:1','WOW64) AppleWebKit/537.36 (KHTML, like Gecko) Chrome/63.0.3239.132 Safari/537.36'),(30,4,'2018-01-24 06:01:06','0:0:0:0:0:0:0:1','WOW64) AppleWebKit/537.36 (KHTML, like Gecko) Chrome/63.0.3239.132 Safari/537.36'),(31,4,'2018-01-24 06:07:04','0:0:0:0:0:0:0:1','WOW64) AppleWebKit/537.36 (KHTML, like Gecko) Chrome/63.0.3239.132 Safari/537.36'),(32,4,'2018-01-24 06:45:35','0:0:0:0:0:0:0:1','WOW64) AppleWebKit/537.36 (KHTML, like Gecko) Chrome/63.0.3239.132 Safari/537.36'),(33,4,'2018-01-24 07:32:07','0:0:0:0:0:0:0:1','WOW64) AppleWebKit/537.36 (KHTML, like Gecko) Chrome/63.0.3239.132 Safari/537.36'),(34,4,'2018-01-24 07:33:58','0:0:0:0:0:0:0:1','WOW64) AppleWebKit/537.36 (KHTML, like Gecko) Chrome/63.0.3239.132 Safari/537.36'),(35,4,'2018-01-24 07:49:06','0:0:0:0:0:0:0:1','WOW64) AppleWebKit/537.36 (KHTML, like Gecko) Chrome/63.0.3239.132 Safari/537.36'),(36,4,'2018-01-24 08:51:49','0:0:0:0:0:0:0:1','WOW64) AppleWebKit/537.36 (KHTML, like Gecko) Chrome/63.0.3239.132 Safari/537.36'),(37,4,'2018-01-24 09:28:27','0:0:0:0:0:0:0:1','WOW64) AppleWebKit/537.36 (KHTML, like Gecko) Chrome/63.0.3239.132 Safari/537.36'),(38,4,'2018-01-24 09:39:12','0:0:0:0:0:0:0:1','WOW64) AppleWebKit/537.36 (KHTML, like Gecko) Chrome/63.0.3239.132 Safari/537.36'),(39,4,'2018-01-24 10:53:04','0:0:0:0:0:0:0:1','WOW64) AppleWebKit/537.36 (KHTML, like Gecko) Chrome/63.0.3239.132 Safari/537.36'),(40,4,'2018-01-24 12:33:56','0:0:0:0:0:0:0:1','WOW64) AppleWebKit/537.36 (KHTML, like Gecko) Chrome/63.0.3239.132 Safari/537.36'),(41,4,'2018-01-25 03:48:10','0:0:0:0:0:0:0:1','WOW64) AppleWebKit/537.36 (KHTML, like Gecko) Chrome/64.0.3282.119 Safari/537.36'),(42,4,'2018-01-25 03:56:35','0:0:0:0:0:0:0:1','WOW64) AppleWebKit/537.36 (KHTML, like Gecko) Chrome/64.0.3282.119 Safari/537.36'),(43,4,'2018-01-25 10:55:14','0:0:0:0:0:0:0:1','WOW64) AppleWebKit/537.36 (KHTML, like Gecko) Chrome/64.0.3282.119 Safari/537.36'),(44,4,'2018-01-31 11:06:35','0:0:0:0:0:0:0:1','WOW64) AppleWebKit/537.36 (KHTML, like Gecko) Chrome/64.0.3282.119 Safari/537.36'),(45,2,'2018-01-31 12:14:32','0:0:0:0:0:0:0:1','WOW64) AppleWebKit/537.36 (KHTML, like Gecko) Chrome/64.0.3282.119 Safari/537.36'),(46,2,'2018-01-31 12:16:54','0:0:0:0:0:0:0:1','WOW64) AppleWebKit/537.36 (KHTML, like Gecko) Chrome/64.0.3282.119 Safari/537.36'),(47,4,'2018-02-02 07:28:24','0:0:0:0:0:0:0:1','WOW64) AppleWebKit/537.36 (KHTML, like Gecko) Chrome/64.0.3282.140 Safari/537.36'),(48,1,'2018-02-02 12:21:00','0:0:0:0:0:0:0:1','WOW64) AppleWebKit/537.36 (KHTML, like Gecko) Chrome/64.0.3282.140 Safari/537.36'),(49,1,'2018-02-02 12:25:27','0:0:0:0:0:0:0:1','WOW64) AppleWebKit/537.36 (KHTML, like Gecko) Chrome/64.0.3282.140 Safari/537.36'),(50,1,'2018-02-02 13:25:08','0:0:0:0:0:0:0:1','WOW64) AppleWebKit/537.36 (KHTML, like Gecko) Chrome/64.0.3282.140 Safari/537.36'),(51,4,'2018-02-02 14:44:04','0:0:0:0:0:0:0:1','WOW64) AppleWebKit/537.36 (KHTML, like Gecko) Chrome/64.0.3282.140 Safari/537.36'),(52,4,'2018-02-02 14:45:51','0:0:0:0:0:0:0:1','WOW64) AppleWebKit/537.36 (KHTML, like Gecko) Chrome/64.0.3282.140 Safari/537.36'),(53,4,'2018-02-02 14:45:59','0:0:0:0:0:0:0:1','WOW64) AppleWebKit/537.36 (KHTML, like Gecko) Chrome/64.0.3282.140 Safari/537.36'),(54,4,'2018-02-02 14:53:12','0:0:0:0:0:0:0:1','WOW64) AppleWebKit/537.36 (KHTML, like Gecko) Chrome/64.0.3282.140 Safari/537.36'),(55,4,'2018-02-02 14:54:50','0:0:0:0:0:0:0:1','WOW64) AppleWebKit/537.36 (KHTML, like Gecko) Chrome/64.0.3282.140 Safari/537.36'),(56,4,'2018-02-02 14:55:00','0:0:0:0:0:0:0:1','WOW64) AppleWebKit/537.36 (KHTML, like Gecko) Chrome/64.0.3282.140 Safari/537.36'),(57,4,'2018-02-03 02:17:27','0:0:0:0:0:0:0:1','WOW64) AppleWebKit/537.36 (KHTML, like Gecko) Chrome/64.0.3282.140 Safari/537.36'),(58,4,'2018-02-03 04:07:16','0:0:0:0:0:0:0:1','WOW64) AppleWebKit/537.36 (KHTML, like Gecko) Chrome/64.0.3282.140 Safari/537.36'),(59,4,'2018-02-08 11:37:41','0:0:0:0:0:0:0:1','WOW64) AppleWebKit/537.36 (KHTML, like Gecko) Chrome/64.0.3282.140 Safari/537.36'),(60,4,'2018-02-08 12:17:40','0:0:0:0:0:0:0:1','WOW64) AppleWebKit/537.36 (KHTML, like Gecko) Chrome/64.0.3282.140 Safari/537.36'),(61,4,'2018-02-08 13:04:12','0:0:0:0:0:0:0:1','WOW64) AppleWebKit/537.36 (KHTML, like Gecko) Chrome/64.0.3282.140 Safari/537.36'),(62,4,'2018-02-08 13:15:00','0:0:0:0:0:0:0:1','WOW64) AppleWebKit/537.36 (KHTML, like Gecko) Chrome/64.0.3282.140 Safari/537.36'),(63,4,'2018-02-08 13:18:10','0:0:0:0:0:0:0:1','WOW64) AppleWebKit/537.36 (KHTML, like Gecko) Chrome/64.0.3282.140 Safari/537.36'),(64,4,'2018-02-08 13:18:26','0:0:0:0:0:0:0:1','WOW64) AppleWebKit/537.36 (KHTML, like Gecko) Chrome/64.0.3282.140 Safari/537.36'),(65,4,'2018-02-08 13:25:18','0:0:0:0:0:0:0:1','WOW64) AppleWebKit/537.36 (KHTML, like Gecko) Chrome/64.0.3282.140 Safari/537.36'),(66,4,'2018-02-08 13:33:42','0:0:0:0:0:0:0:1','WOW64) AppleWebKit/537.36 (KHTML, like Gecko) Chrome/64.0.3282.140 Safari/537.36'),(67,4,'2018-02-08 13:41:53','0:0:0:0:0:0:0:1','WOW64) AppleWebKit/537.36 (KHTML, like Gecko) Chrome/64.0.3282.140 Safari/537.36'),(68,4,'2018-02-08 13:43:03','0:0:0:0:0:0:0:1','WOW64) AppleWebKit/537.36 (KHTML, like Gecko) Chrome/64.0.3282.140 Safari/537.36'),(69,1,'2018-02-08 14:31:35','0:0:0:0:0:0:0:1','WOW64) AppleWebKit/537.36 (KHTML, like Gecko) Chrome/64.0.3282.140 Safari/537.36'),(70,1,'2018-02-08 15:06:40','0:0:0:0:0:0:0:1','WOW64) AppleWebKit/537.36 (KHTML, like Gecko) Chrome/64.0.3282.140 Safari/537.36'),(71,1,'2018-02-09 03:17:36','0:0:0:0:0:0:0:1','WOW64) AppleWebKit/537.36 (KHTML, like Gecko) Chrome/64.0.3282.140 Safari/537.36'),(72,1,'2018-02-09 04:21:04','0:0:0:0:0:0:0:1','WOW64) AppleWebKit/537.36 (KHTML, like Gecko) Chrome/64.0.3282.140 Safari/537.36'),(73,1,'2018-02-09 04:22:44','0:0:0:0:0:0:0:1','WOW64) AppleWebKit/537.36 (KHTML, like Gecko) Chrome/64.0.3282.140 Safari/537.36'),(74,1,'2018-02-09 04:32:29','0:0:0:0:0:0:0:1','WOW64) AppleWebKit/537.36 (KHTML, like Gecko) Chrome/64.0.3282.140 Safari/537.36'),(75,6,'2018-02-09 04:36:54','0:0:0:0:0:0:0:1','WOW64) AppleWebKit/537.36 (KHTML, like Gecko) Chrome/64.0.3282.140 Safari/537.36'),(76,6,'2018-02-09 07:25:36','0:0:0:0:0:0:0:1','WOW64) AppleWebKit/537.36 (KHTML, like Gecko) Chrome/64.0.3282.140 Safari/537.36'),(77,6,'2018-02-09 07:29:52','0:0:0:0:0:0:0:1','WOW64) AppleWebKit/537.36 (KHTML, like Gecko) Chrome/64.0.3282.140 Safari/537.36'),(78,6,'2018-02-09 07:43:54','0:0:0:0:0:0:0:1','WOW64) AppleWebKit/537.36 (KHTML, like Gecko) Chrome/64.0.3282.140 Safari/537.36'),(79,6,'2018-02-09 07:50:19','0:0:0:0:0:0:0:1','WOW64) AppleWebKit/537.36 (KHTML, like Gecko) Chrome/64.0.3282.140 Safari/537.36'),(80,3,'2023-12-07 13:51:04','0:0:0:0:0:0:0:1','CHROME11'),(81,3,'2023-12-07 13:53:41','0:0:0:0:0:0:0:1','CHROME11'),(82,3,'2023-12-07 13:56:48','0:0:0:0:0:0:0:1','CHROME11'),(83,3,'2023-12-07 13:59:03','0:0:0:0:0:0:0:1','CHROME11'),(84,3,'2023-12-07 14:02:45','0:0:0:0:0:0:0:1','CHROME11'),(85,3,'2023-12-07 14:14:35','0:0:0:0:0:0:0:1','CHROME11'),(86,3,'2023-12-07 14:26:26','0:0:0:0:0:0:0:1','CHROME11'),(87,3,'2023-12-07 14:33:01','0:0:0:0:0:0:0:1','CHROME11'),(88,3,'2023-12-07 14:36:42','0:0:0:0:0:0:0:1','CHROME11'),(89,3,'2023-12-07 14:38:26','0:0:0:0:0:0:0:1','CHROME11'),(90,3,'2023-12-07 14:39:31','0:0:0:0:0:0:0:1','CHROME11'),(91,3,'2023-12-07 14:41:45','0:0:0:0:0:0:0:1','CHROME11'),(92,3,'2023-12-07 14:48:13','0:0:0:0:0:0:0:1','CHROME11'),(93,3,'2023-12-07 14:54:14','0:0:0:0:0:0:0:1','CHROME11'),(94,3,'2023-12-07 14:57:40','0:0:0:0:0:0:0:1','CHROME11'),(95,3,'2023-12-07 14:59:20','0:0:0:0:0:0:0:1','CHROME11'),(96,3,'2023-12-07 15:01:46','0:0:0:0:0:0:0:1','CHROME11'),(97,3,'2023-12-07 15:06:52','0:0:0:0:0:0:0:1','CHROME11'),(98,3,'2023-12-07 15:09:54','0:0:0:0:0:0:0:1','CHROME11'),(99,3,'2023-12-07 15:27:22','0:0:0:0:0:0:0:1','CHROME11'),(100,3,'2023-12-07 15:28:53','0:0:0:0:0:0:0:1','CHROME11'),(101,3,'2023-12-07 15:30:05','0:0:0:0:0:0:0:1','CHROME11'),(102,3,'2023-12-07 15:33:43','0:0:0:0:0:0:0:1','CHROME11'),(103,3,'2023-12-07 15:40:59','0:0:0:0:0:0:0:1','CHROME11'),(104,3,'2023-12-08 01:35:28','0:0:0:0:0:0:0:1','CHROME11'),(105,3,'2023-12-08 01:39:22','0:0:0:0:0:0:0:1','CHROME11'),(106,3,'2023-12-08 01:41:42','0:0:0:0:0:0:0:1','CHROME11'),(107,3,'2023-12-08 01:43:37','0:0:0:0:0:0:0:1','CHROME11'),(108,3,'2023-12-08 01:45:06','0:0:0:0:0:0:0:1','CHROME11'),(109,3,'2023-12-08 01:54:49','0:0:0:0:0:0:0:1','CHROME11'),(110,3,'2023-12-08 01:55:43','0:0:0:0:0:0:0:1','CHROME11'),(111,3,'2023-12-08 01:57:53','0:0:0:0:0:0:0:1','CHROME11'),(112,3,'2023-12-08 02:00:58','0:0:0:0:0:0:0:1','CHROME11'),(113,3,'2023-12-08 02:15:56','0:0:0:0:0:0:0:1','CHROME11'),(114,3,'2023-12-08 02:17:21','0:0:0:0:0:0:0:1','CHROME11'),(115,3,'2023-12-08 02:21:55','0:0:0:0:0:0:0:1','CHROME11'),(116,3,'2023-12-08 02:29:12','0:0:0:0:0:0:0:1','CHROME11'),(117,3,'2023-12-08 02:30:14','0:0:0:0:0:0:0:1','CHROME11'),(118,3,'2023-12-08 02:31:35','0:0:0:0:0:0:0:1','CHROME11'),(119,3,'2023-12-08 02:35:08','0:0:0:0:0:0:0:1','CHROME11'),(120,3,'2023-12-08 02:38:26','0:0:0:0:0:0:0:1','CHROME11'),(121,3,'2023-12-08 02:40:01','0:0:0:0:0:0:0:1','CHROME11'),(122,3,'2023-12-08 02:49:11','0:0:0:0:0:0:0:1','CHROME11'),(123,3,'2023-12-08 02:56:06','0:0:0:0:0:0:0:1','CHROME11'),(124,3,'2023-12-08 02:58:54','0:0:0:0:0:0:0:1','CHROME11'),(125,3,'2023-12-08 03:03:46','0:0:0:0:0:0:0:1','CHROME11'),(126,3,'2023-12-08 03:06:30','0:0:0:0:0:0:0:1','CHROME11'),(127,3,'2023-12-08 03:07:52','0:0:0:0:0:0:0:1','CHROME11'),(128,3,'2023-12-08 03:08:44','0:0:0:0:0:0:0:1','CHROME11'),(129,3,'2023-12-08 03:09:33','0:0:0:0:0:0:0:1','CHROME11'),(130,3,'2023-12-08 03:17:19','0:0:0:0:0:0:0:1','CHROME11'),(131,3,'2023-12-08 04:00:36','0:0:0:0:0:0:0:1','CHROME11'),(132,1,'2023-12-08 04:02:39','0:0:0:0:0:0:0:1','CHROME11'),(133,3,'2023-12-08 04:04:55','0:0:0:0:0:0:0:1','CHROME11'),(134,3,'2023-12-08 06:45:16','0:0:0:0:0:0:0:1','CHROME11'),(135,3,'2023-12-08 08:26:29','0:0:0:0:0:0:0:1','CHROME11'),(136,3,'2023-12-08 09:32:32','0:0:0:0:0:0:0:1','CHROME11');
/*!40000 ALTER TABLE `login_log` ENABLE KEYS */;
UNLOCK TABLES;

--
-- Table structure for table `login_log_1`
--

DROP TABLE IF EXISTS `login_log_1`;
/*!40101 SET @saved_cs_client     = @@character_set_client */;
/*!50503 SET character_set_client = utf8mb4 */;
CREATE TABLE `login_log_1` (
  `id` bigint DEFAULT NULL,
  `user_id` int DEFAULT NULL,
  `login_time` timestamp NULL DEFAULT NULL,
  `ip` varchar(30) DEFAULT NULL,
  `device` varchar(200) DEFAULT NULL
) ENGINE=InnoDB DEFAULT CHARSET=utf8mb4 COLLATE=utf8mb4_0900_ai_ci;
/*!40101 SET character_set_client = @saved_cs_client */;

--
-- Dumping data for table `login_log_1`
--

LOCK TABLES `login_log_1` WRITE;
/*!40000 ALTER TABLE `login_log_1` DISABLE KEYS */;
INSERT INTO `login_log_1` VALUES (1,4,'2018-01-19 09:50:44','0:0:0:0:0:0:0:1','WOW64) AppleWebKit/537.36 (KHTML, like Gecko) Chrome/63.0.3239.132 Safari/537.36'),(2,4,'2018-01-19 09:51:37','0:0:0:0:0:0:0:1','WOW64) AppleWebKit/537.36 (KHTML, like Gecko) Chrome/63.0.3239.132 Safari/537.36'),(3,4,'2018-01-19 09:54:59','0:0:0:0:0:0:0:1','WOW64) AppleWebKit/537.36 (KHTML, like Gecko) Chrome/63.0.3239.132 Safari/537.36'),(4,4,'2018-01-19 10:01:51','0:0:0:0:0:0:0:1','Win64'),(5,4,'2018-01-19 10:07:26','0:0:0:0:0:0:0:1','WOW64) AppleWebKit/537.36 (KHTML, like Gecko) Chrome/63.0.3239.132 Safari/537.36'),(6,4,'2018-01-19 10:24:16','0:0:0:0:0:0:0:1','WOW64) AppleWebKit/537.36 (KHTML, like Gecko) Chrome/63.0.3239.132 Safari/537.36'),(7,4,'2018-01-19 10:32:37','0:0:0:0:0:0:0:1','WOW64) AppleWebKit/537.36 (KHTML, like Gecko) Chrome/63.0.3239.132 Safari/537.36'),(8,4,'2018-01-19 10:32:58','0:0:0:0:0:0:0:1','WOW64) AppleWebKit/537.36 (KHTML, like Gecko) Chrome/63.0.3239.132 Safari/537.36'),(9,4,'2018-01-19 12:07:36','0:0:0:0:0:0:0:1','WOW64) AppleWebKit/537.36 (KHTML, like Gecko) Chrome/63.0.3239.132 Safari/537.36'),(10,4,'2018-01-19 12:53:28','0:0:0:0:0:0:0:1','WOW64) AppleWebKit/537.36 (KHTML, like Gecko) Chrome/63.0.3239.132 Safari/537.36'),(11,4,'2018-01-20 02:49:24','0:0:0:0:0:0:0:1','WOW64) AppleWebKit/537.36 (KHTML, like Gecko) Chrome/63.0.3239.132 Safari/537.36'),(12,4,'2018-01-20 03:13:57','0:0:0:0:0:0:0:1','WOW64) AppleWebKit/537.36 (KHTML, like Gecko) Chrome/63.0.3239.132 Safari/537.36'),(13,4,'2018-01-20 03:50:44','0:0:0:0:0:0:0:1','WOW64) AppleWebKit/537.36 (KHTML, like Gecko) Chrome/63.0.3239.132 Safari/537.36'),(14,4,'2018-01-20 03:54:05','0:0:0:0:0:0:0:1','WOW64) AppleWebKit/537.36 (KHTML, like Gecko) Chrome/63.0.3239.132 Safari/537.36'),(15,4,'2018-01-20 06:00:54','0:0:0:0:0:0:0:1','WOW64) AppleWebKit/537.36 (KHTML, like Gecko) Chrome/63.0.3239.132 Safari/537.36'),(16,4,'2018-01-20 06:03:04','0:0:0:0:0:0:0:1','WOW64) AppleWebKit/537.36 (KHTML, like Gecko) Chrome/63.0.3239.132 Safari/537.36'),(17,3,'2018-01-20 06:21:55','0:0:0:0:0:0:0:1','WOW64) AppleWebKit/537.36 (KHTML, like Gecko) Chrome/63.0.3239.132 Safari/537.36'),(18,4,'2018-01-20 07:04:02','0:0:0:0:0:0:0:1','WOW64) AppleWebKit/537.36 (KHTML, like Gecko) Chrome/63.0.3239.132 Safari/537.36'),(19,3,'2018-01-20 08:09:58','0:0:0:0:0:0:0:1','WOW64) AppleWebKit/537.36 (KHTML, like Gecko) Chrome/63.0.3239.132 Safari/537.36'),(20,4,'2018-01-20 10:30:48','0:0:0:0:0:0:0:1','WOW64) AppleWebKit/537.36 (KHTML, like Gecko) Chrome/63.0.3239.132 Safari/537.36'),(21,3,'2018-01-20 11:06:34','0:0:0:0:0:0:0:1','WOW64) AppleWebKit/537.36 (KHTML, like Gecko) Chrome/63.0.3239.132 Safari/537.36'),(22,4,'2018-01-20 12:13:21','0:0:0:0:0:0:0:1','WOW64) AppleWebKit/537.36 (KHTML, like Gecko) Chrome/63.0.3239.132 Safari/537.36'),(23,4,'2018-01-20 12:16:14','0:0:0:0:0:0:0:1','Win64'),(24,4,'2018-01-21 02:07:31','0:0:0:0:0:0:0:1','WOW64) AppleWebKit/537.36 (KHTML, like Gecko) Chrome/63.0.3239.132 Safari/537.36'),(25,4,'2018-01-21 05:25:29','0:0:0:0:0:0:0:1','WOW64) AppleWebKit/537.36 (KHTML, like Gecko) Chrome/63.0.3239.132 Safari/537.36'),(26,4,'2018-01-24 02:12:07','0:0:0:0:0:0:0:1','WOW64) AppleWebKit/537.36 (KHTML, like Gecko) Chrome/63.0.3239.132 Safari/537.36'),(27,4,'2018-01-24 05:49:59','0:0:0:0:0:0:0:1','WOW64) AppleWebKit/537.36 (KHTML, like Gecko) Chrome/63.0.3239.132 Safari/537.36'),(28,4,'2018-01-24 05:56:08','0:0:0:0:0:0:0:1','WOW64) AppleWebKit/537.36 (KHTML, like Gecko) Chrome/63.0.3239.132 Safari/537.36'),(29,4,'2018-01-24 06:00:49','0:0:0:0:0:0:0:1','WOW64) AppleWebKit/537.36 (KHTML, like Gecko) Chrome/63.0.3239.132 Safari/537.36'),(30,4,'2018-01-24 06:01:06','0:0:0:0:0:0:0:1','WOW64) AppleWebKit/537.36 (KHTML, like Gecko) Chrome/63.0.3239.132 Safari/537.36'),(31,4,'2018-01-24 06:07:04','0:0:0:0:0:0:0:1','WOW64) AppleWebKit/537.36 (KHTML, like Gecko) Chrome/63.0.3239.132 Safari/537.36'),(32,4,'2018-01-24 06:45:35','0:0:0:0:0:0:0:1','WOW64) AppleWebKit/537.36 (KHTML, like Gecko) Chrome/63.0.3239.132 Safari/537.36'),(33,4,'2018-01-24 07:32:07','0:0:0:0:0:0:0:1','WOW64) AppleWebKit/537.36 (KHTML, like Gecko) Chrome/63.0.3239.132 Safari/537.36'),(34,4,'2018-01-24 07:33:58','0:0:0:0:0:0:0:1','WOW64) AppleWebKit/537.36 (KHTML, like Gecko) Chrome/63.0.3239.132 Safari/537.36'),(35,4,'2018-01-24 07:49:06','0:0:0:0:0:0:0:1','WOW64) AppleWebKit/537.36 (KHTML, like Gecko) Chrome/63.0.3239.132 Safari/537.36'),(36,4,'2018-01-24 08:51:49','0:0:0:0:0:0:0:1','WOW64) AppleWebKit/537.36 (KHTML, like Gecko) Chrome/63.0.3239.132 Safari/537.36'),(37,4,'2018-01-24 09:28:27','0:0:0:0:0:0:0:1','WOW64) AppleWebKit/537.36 (KHTML, like Gecko) Chrome/63.0.3239.132 Safari/537.36'),(38,4,'2018-01-24 09:39:12','0:0:0:0:0:0:0:1','WOW64) AppleWebKit/537.36 (KHTML, like Gecko) Chrome/63.0.3239.132 Safari/537.36'),(39,4,'2018-01-24 10:53:04','0:0:0:0:0:0:0:1','WOW64) AppleWebKit/537.36 (KHTML, like Gecko) Chrome/63.0.3239.132 Safari/537.36'),(40,4,'2018-01-24 12:33:56','0:0:0:0:0:0:0:1','WOW64) AppleWebKit/537.36 (KHTML, like Gecko) Chrome/63.0.3239.132 Safari/537.36'),(41,4,'2018-01-25 03:48:10','0:0:0:0:0:0:0:1','WOW64) AppleWebKit/537.36 (KHTML, like Gecko) Chrome/64.0.3282.119 Safari/537.36'),(42,4,'2018-01-25 03:56:35','0:0:0:0:0:0:0:1','WOW64) AppleWebKit/537.36 (KHTML, like Gecko) Chrome/64.0.3282.119 Safari/537.36'),(43,4,'2018-01-25 10:55:14','0:0:0:0:0:0:0:1','WOW64) AppleWebKit/537.36 (KHTML, like Gecko) Chrome/64.0.3282.119 Safari/537.36'),(44,4,'2018-01-31 11:06:35','0:0:0:0:0:0:0:1','WOW64) AppleWebKit/537.36 (KHTML, like Gecko) Chrome/64.0.3282.119 Safari/537.36'),(45,2,'2018-01-31 12:14:32','0:0:0:0:0:0:0:1','WOW64) AppleWebKit/537.36 (KHTML, like Gecko) Chrome/64.0.3282.119 Safari/537.36'),(46,2,'2018-01-31 12:16:54','0:0:0:0:0:0:0:1','WOW64) AppleWebKit/537.36 (KHTML, like Gecko) Chrome/64.0.3282.119 Safari/537.36'),(47,4,'2018-02-02 07:28:24','0:0:0:0:0:0:0:1','WOW64) AppleWebKit/537.36 (KHTML, like Gecko) Chrome/64.0.3282.140 Safari/537.36'),(48,1,'2018-02-02 12:21:00','0:0:0:0:0:0:0:1','WOW64) AppleWebKit/537.36 (KHTML, like Gecko) Chrome/64.0.3282.140 Safari/537.36'),(49,1,'2018-02-02 12:25:27','0:0:0:0:0:0:0:1','WOW64) AppleWebKit/537.36 (KHTML, like Gecko) Chrome/64.0.3282.140 Safari/537.36'),(50,1,'2018-02-02 13:25:08','0:0:0:0:0:0:0:1','WOW64) AppleWebKit/537.36 (KHTML, like Gecko) Chrome/64.0.3282.140 Safari/537.36'),(51,4,'2018-02-02 14:44:04','0:0:0:0:0:0:0:1','WOW64) AppleWebKit/537.36 (KHTML, like Gecko) Chrome/64.0.3282.140 Safari/537.36'),(52,4,'2018-02-02 14:45:51','0:0:0:0:0:0:0:1','WOW64) AppleWebKit/537.36 (KHTML, like Gecko) Chrome/64.0.3282.140 Safari/537.36'),(53,4,'2018-02-02 14:45:59','0:0:0:0:0:0:0:1','WOW64) AppleWebKit/537.36 (KHTML, like Gecko) Chrome/64.0.3282.140 Safari/537.36'),(54,4,'2018-02-02 14:53:12','0:0:0:0:0:0:0:1','WOW64) AppleWebKit/537.36 (KHTML, like Gecko) Chrome/64.0.3282.140 Safari/537.36'),(55,4,'2018-02-02 14:54:50','0:0:0:0:0:0:0:1','WOW64) AppleWebKit/537.36 (KHTML, like Gecko) Chrome/64.0.3282.140 Safari/537.36'),(56,4,'2018-02-02 14:55:00','0:0:0:0:0:0:0:1','WOW64) AppleWebKit/537.36 (KHTML, like Gecko) Chrome/64.0.3282.140 Safari/537.36'),(57,4,'2018-02-03 02:17:27','0:0:0:0:0:0:0:1','WOW64) AppleWebKit/537.36 (KHTML, like Gecko) Chrome/64.0.3282.140 Safari/537.36'),(58,4,'2018-02-03 04:07:16','0:0:0:0:0:0:0:1','WOW64) AppleWebKit/537.36 (KHTML, like Gecko) Chrome/64.0.3282.140 Safari/537.36'),(59,4,'2018-02-08 11:37:41','0:0:0:0:0:0:0:1','WOW64) AppleWebKit/537.36 (KHTML, like Gecko) Chrome/64.0.3282.140 Safari/537.36'),(60,4,'2018-02-08 12:17:40','0:0:0:0:0:0:0:1','WOW64) AppleWebKit/537.36 (KHTML, like Gecko) Chrome/64.0.3282.140 Safari/537.36'),(61,4,'2018-02-08 13:04:12','0:0:0:0:0:0:0:1','WOW64) AppleWebKit/537.36 (KHTML, like Gecko) Chrome/64.0.3282.140 Safari/537.36'),(62,4,'2018-02-08 13:15:00','0:0:0:0:0:0:0:1','WOW64) AppleWebKit/537.36 (KHTML, like Gecko) Chrome/64.0.3282.140 Safari/537.36'),(63,4,'2018-02-08 13:18:10','0:0:0:0:0:0:0:1','WOW64) AppleWebKit/537.36 (KHTML, like Gecko) Chrome/64.0.3282.140 Safari/537.36'),(64,4,'2018-02-08 13:18:26','0:0:0:0:0:0:0:1','WOW64) AppleWebKit/537.36 (KHTML, like Gecko) Chrome/64.0.3282.140 Safari/537.36'),(65,4,'2018-02-08 13:25:18','0:0:0:0:0:0:0:1','WOW64) AppleWebKit/537.36 (KHTML, like Gecko) Chrome/64.0.3282.140 Safari/537.36'),(66,4,'2018-02-08 13:33:42','0:0:0:0:0:0:0:1','WOW64) AppleWebKit/537.36 (KHTML, like Gecko) Chrome/64.0.3282.140 Safari/537.36'),(67,4,'2018-02-08 13:41:53','0:0:0:0:0:0:0:1','WOW64) AppleWebKit/537.36 (KHTML, like Gecko) Chrome/64.0.3282.140 Safari/537.36'),(68,4,'2018-02-08 13:43:03','0:0:0:0:0:0:0:1','WOW64) AppleWebKit/537.36 (KHTML, like Gecko) Chrome/64.0.3282.140 Safari/537.36'),(69,1,'2018-02-08 14:31:35','0:0:0:0:0:0:0:1','WOW64) AppleWebKit/537.36 (KHTML, like Gecko) Chrome/64.0.3282.140 Safari/537.36'),(70,1,'2018-02-08 15:06:40','0:0:0:0:0:0:0:1','WOW64) AppleWebKit/537.36 (KHTML, like Gecko) Chrome/64.0.3282.140 Safari/537.36'),(71,1,'2018-02-09 03:17:36','0:0:0:0:0:0:0:1','WOW64) AppleWebKit/537.36 (KHTML, like Gecko) Chrome/64.0.3282.140 Safari/537.36'),(72,1,'2018-02-09 04:21:04','0:0:0:0:0:0:0:1','WOW64) AppleWebKit/537.36 (KHTML, like Gecko) Chrome/64.0.3282.140 Safari/537.36'),(73,1,'2018-02-09 04:22:44','0:0:0:0:0:0:0:1','WOW64) AppleWebKit/537.36 (KHTML, like Gecko) Chrome/64.0.3282.140 Safari/537.36'),(74,1,'2018-02-09 04:32:29','0:0:0:0:0:0:0:1','WOW64) AppleWebKit/537.36 (KHTML, like Gecko) Chrome/64.0.3282.140 Safari/537.36'),(75,6,'2018-02-09 04:36:54','0:0:0:0:0:0:0:1','WOW64) AppleWebKit/537.36 (KHTML, like Gecko) Chrome/64.0.3282.140 Safari/537.36'),(76,6,'2018-02-09 07:25:36','0:0:0:0:0:0:0:1','WOW64) AppleWebKit/537.36 (KHTML, like Gecko) Chrome/64.0.3282.140 Safari/537.36'),(77,6,'2018-02-09 07:29:52','0:0:0:0:0:0:0:1','WOW64) AppleWebKit/537.36 (KHTML, like Gecko) Chrome/64.0.3282.140 Safari/537.36'),(78,6,'2018-02-09 07:43:54','0:0:0:0:0:0:0:1','WOW64) AppleWebKit/537.36 (KHTML, like Gecko) Chrome/64.0.3282.140 Safari/537.36'),(79,6,'2018-02-09 07:50:19','0:0:0:0:0:0:0:1','WOW64) AppleWebKit/537.36 (KHTML, like Gecko) Chrome/64.0.3282.140 Safari/537.36'),(80,3,'2023-12-07 13:51:04','0:0:0:0:0:0:0:1','CHROME11'),(81,3,'2023-12-07 13:53:41','0:0:0:0:0:0:0:1','CHROME11'),(82,3,'2023-12-07 13:56:48','0:0:0:0:0:0:0:1','CHROME11'),(83,3,'2023-12-07 13:59:03','0:0:0:0:0:0:0:1','CHROME11'),(84,3,'2023-12-07 14:02:45','0:0:0:0:0:0:0:1','CHROME11'),(85,3,'2023-12-07 14:14:35','0:0:0:0:0:0:0:1','CHROME11'),(86,3,'2023-12-07 14:26:26','0:0:0:0:0:0:0:1','CHROME11'),(87,3,'2023-12-07 14:33:01','0:0:0:0:0:0:0:1','CHROME11'),(88,3,'2023-12-07 14:36:42','0:0:0:0:0:0:0:1','CHROME11'),(89,3,'2023-12-07 14:38:26','0:0:0:0:0:0:0:1','CHROME11'),(90,3,'2023-12-07 14:39:31','0:0:0:0:0:0:0:1','CHROME11'),(91,3,'2023-12-07 14:41:45','0:0:0:0:0:0:0:1','CHROME11'),(92,3,'2023-12-07 14:48:13','0:0:0:0:0:0:0:1','CHROME11'),(93,3,'2023-12-07 14:54:14','0:0:0:0:0:0:0:1','CHROME11'),(94,3,'2023-12-07 14:57:40','0:0:0:0:0:0:0:1','CHROME11'),(95,3,'2023-12-07 14:59:20','0:0:0:0:0:0:0:1','CHROME11'),(96,3,'2023-12-07 15:01:46','0:0:0:0:0:0:0:1','CHROME11'),(97,3,'2023-12-07 15:06:52','0:0:0:0:0:0:0:1','CHROME11'),(98,3,'2023-12-07 15:09:54','0:0:0:0:0:0:0:1','CHROME11'),(99,3,'2023-12-07 15:27:22','0:0:0:0:0:0:0:1','CHROME11'),(100,3,'2023-12-07 15:28:53','0:0:0:0:0:0:0:1','CHROME11'),(101,3,'2023-12-07 15:30:05','0:0:0:0:0:0:0:1','CHROME11'),(102,3,'2023-12-07 15:33:43','0:0:0:0:0:0:0:1','CHROME11'),(103,3,'2023-12-07 15:40:59','0:0:0:0:0:0:0:1','CHROME11'),(104,3,'2023-12-08 01:35:28','0:0:0:0:0:0:0:1','CHROME11'),(105,3,'2023-12-08 01:39:22','0:0:0:0:0:0:0:1','CHROME11'),(106,3,'2023-12-08 01:41:42','0:0:0:0:0:0:0:1','CHROME11'),(107,3,'2023-12-08 01:43:37','0:0:0:0:0:0:0:1','CHROME11'),(108,3,'2023-12-08 01:45:06','0:0:0:0:0:0:0:1','CHROME11'),(109,3,'2023-12-08 01:54:49','0:0:0:0:0:0:0:1','CHROME11'),(110,3,'2023-12-08 01:55:43','0:0:0:0:0:0:0:1','CHROME11'),(111,3,'2023-12-08 01:57:53','0:0:0:0:0:0:0:1','CHROME11'),(112,3,'2023-12-08 02:00:58','0:0:0:0:0:0:0:1','CHROME11'),(113,3,'2023-12-08 02:15:56','0:0:0:0:0:0:0:1','CHROME11'),(114,3,'2023-12-08 02:17:21','0:0:0:0:0:0:0:1','CHROME11'),(115,3,'2023-12-08 02:21:55','0:0:0:0:0:0:0:1','CHROME11'),(116,3,'2023-12-08 02:29:12','0:0:0:0:0:0:0:1','CHROME11'),(117,3,'2023-12-08 02:30:14','0:0:0:0:0:0:0:1','CHROME11'),(118,3,'2023-12-08 02:31:35','0:0:0:0:0:0:0:1','CHROME11'),(119,3,'2023-12-08 02:35:08','0:0:0:0:0:0:0:1','CHROME11'),(120,3,'2023-12-08 02:38:26','0:0:0:0:0:0:0:1','CHROME11'),(121,3,'2023-12-08 02:40:01','0:0:0:0:0:0:0:1','CHROME11'),(122,3,'2023-12-08 02:49:11','0:0:0:0:0:0:0:1','CHROME11'),(123,3,'2023-12-08 02:56:06','0:0:0:0:0:0:0:1','CHROME11'),(124,3,'2023-12-08 02:58:54','0:0:0:0:0:0:0:1','CHROME11'),(125,3,'2023-12-08 03:03:46','0:0:0:0:0:0:0:1','CHROME11'),(126,3,'2023-12-08 03:06:30','0:0:0:0:0:0:0:1','CHROME11'),(127,3,'2023-12-08 03:07:52','0:0:0:0:0:0:0:1','CHROME11'),(128,3,'2023-12-08 03:08:44','0:0:0:0:0:0:0:1','CHROME11'),(129,3,'2023-12-08 03:09:33','0:0:0:0:0:0:0:1','CHROME11'),(130,3,'2023-12-08 03:17:19','0:0:0:0:0:0:0:1','CHROME11'),(131,3,'2023-12-08 04:00:36','0:0:0:0:0:0:0:1','CHROME11'),(132,1,'2023-12-08 04:02:39','0:0:0:0:0:0:0:1','CHROME11'),(133,3,'2023-12-08 04:04:55','0:0:0:0:0:0:0:1','CHROME11'),(134,3,'2023-12-08 06:45:16','0:0:0:0:0:0:0:1','CHROME11'),(135,3,'2023-12-08 08:26:29','0:0:0:0:0:0:0:1','CHROME11'),(136,3,'2023-12-08 09:32:32','0:0:0:0:0:0:0:1','CHROME11');
/*!40000 ALTER TABLE `login_log_1` ENABLE KEYS */;
UNLOCK TABLES;

--
-- Table structure for table `post`
--

DROP TABLE IF EXISTS `post`;
/*!40101 SET @saved_cs_client     = @@character_set_client */;
/*!50503 SET character_set_client = utf8mb4 */;
CREATE TABLE `post` (
  `id` int NOT NULL AUTO_INCREMENT COMMENT '帖子ID',
  `user_id` int NOT NULL COMMENT '发帖人id',
  `create_time` timestamp NULL DEFAULT NULL COMMENT '创建时间',
  `update_time` timestamp NULL DEFAULT CURRENT_TIMESTAMP ON UPDATE CURRENT_TIMESTAMP COMMENT '最后更新时间',
  `title` varchar(200) NOT NULL COMMENT '标题',
  `content` text NOT NULL COMMENT '内容',
  `tab_id` tinyint DEFAULT NULL COMMENT '活动类型',
  `location` varchar(255) DEFAULT NULL COMMENT '活动位置',
  `max_people_num` int NOT NULL DEFAULT '0' COMMENT '最多参加人数',
  `now_people_num` int NOT NULL DEFAULT '0' COMMENT '目前参加人数',
  `active_time` datetime DEFAULT NULL COMMENT '活动时间',
  `click` int NOT NULL DEFAULT '0' COMMENT '点击量',
  `cancel` int NOT NULL DEFAULT '0' COMMENT '是否结束',
  PRIMARY KEY (`id`)
) ENGINE=MyISAM AUTO_INCREMENT=31 DEFAULT CHARSET=utf8mb4 COLLATE=utf8mb4_0900_ai_ci;
/*!40101 SET character_set_client = @saved_cs_client */;

--
-- Dumping data for table `post`
--

LOCK TABLES `post` WRITE;
/*!40000 ALTER TABLE `post` DISABLE KEYS */;
INSERT INTO `post` VALUES (1,1,'2023-11-09 13:22:11','2023-12-08 01:35:52','周末足球友谊赛','寻找球员参加本周六的友谊足球比赛。欢迎各个水平的朋友加入！',1,'城市公园',15,0,'2023-12-09 15:00:00',25,0),(2,2,'2023-11-09 13:22:11','2023-12-08 04:11:22','休闲篮球对战','在本地篮球场一起来投篮吧。欢迎大家加入！',2,'社区中心',10,0,'2023-12-10 18:30:00',16,0),(3,3,'2023-11-09 13:22:11','2023-12-08 03:09:41','羽毛球比赛报名','下周举办羽毛球比赛。现在报名，展示你的羽毛球技能！',3,'体育俱乐部',20,0,'2023-12-15 14:00:00',15,0),(4,4,'2023-11-09 13:22:11','2023-12-08 01:38:54','周日乒乓球大赛','欢迎参加本周日的乒乓球大赛。无论你是新手还是老手，都能找到对手！',4,'乒乓馆',12,0,'2023-12-10 16:00:00',27,0),(5,5,'2023-11-09 13:22:11','2023-12-07 13:22:28','网球爱好者约球','寻找一起打网球的小伙伴。场地在市立网球场，有兴趣的赶紧报名吧！',5,'市立网球场',8,0,'2023-12-16 10:00:00',18,0),(6,6,'2023-11-09 13:22:11','2023-12-08 06:51:53','周末排球大赛','本周末在沙滩上组织一场排球比赛。欢迎热爱排球的朋友一起加入！',6,'沙滩排球场',16,0,'2023-12-09 14:30:00',23,0),(7,7,'2023-11-09 13:22:11','2023-12-08 06:51:56','城市夜跑团','每周五晚上都有城市夜跑活动。欢迎喜欢夜跑的朋友们加入我们的团队！',7,'城市公园',30,0,'2023-12-08 20:00:00',43,0),(8,8,'2023-11-09 13:22:11','2023-12-07 13:22:28','其他运动挑战','寻找喜欢各种运动的小伙伴。有没有人愿意一起尝试一些新颖的运动？',8,'运动场',15,0,'2023-12-20 13:00:00',12,0),(9,9,'2023-11-09 13:22:11','2023-12-08 01:35:42','周三晨跑小组','寻找喜欢早晨慢跑的小伙伴。我们每周三早上在公园慢跑，一起锻炼身体吧！',7,'城市公园',20,0,'2023-12-13 07:00:00',34,0),(10,10,'2023-11-09 13:22:11','2023-12-07 13:29:51','篮球夜场挑战','在周五晚上的篮球夜场组织一场挑战赛。来测试一下你的篮球技术吧！',2,'夜场篮球场',12,0,'2023-12-15 19:00:00',19,0),(11,1,'2023-11-09 13:22:11','2023-12-08 04:11:06','户外攀岩体验','周末去山区体验一下户外攀岩。欢迎有兴趣的小伙伴一起来挑战自己！',8,'山区攀岩场',10,0,'2023-12-16 11:30:00',21,0),(12,2,'2023-11-09 13:22:11','2023-12-08 06:54:34','桌游爱好者聚会','本周末在咖啡馆组织一场桌游聚会。喜欢桌游的朋友快来加入我们吧！',8,'咖啡馆',15,0,'2023-12-09 16:00:00',26,0),(13,3,'2023-11-09 13:22:11','2023-12-07 13:31:30','社区健身瑜伽课','每周二和周四晚上在社区健身房组织瑜伽课程。欢迎瑜伽爱好者加入我们的小组！',8,'社区健身房',15,0,'2023-12-12 18:00:00',28,0),(14,4,'2023-11-09 13:22:11','2023-12-07 13:31:30','周末自行车骑行','计划在周末组织一次自行车骑行活动。穿越城市风景，欢迎大家一起参与！',8,'自行车道',20,0,'2023-12-17 10:30:00',22,0),(15,5,'2023-11-09 13:22:11','2023-12-08 09:33:26','草地滑板比赛','在城市公园的滑板场地举办一场滑板比赛。欢迎所有滑板爱好者来展示你的技术！',8,'城市公园滑板场',10,0,'2023-12-16 14:00:00',32,0),(16,6,'2023-11-09 13:22:11','2023-12-08 07:00:14','晨跑健康分享会','加入我们每周五早上的晨跑小组，跑步后我们会分享一些健康生活的小贴士。一起追求健康生活吧！',7,'城市公园',15,0,'2023-12-15 07:30:00',35,0),(17,7,'2023-11-09 13:22:11','2023-12-08 03:00:48','夜间登山挑战','在本周末的夜晚，计划进行一次夜间登山挑战。希望有兴趣的朋友一起参与，感受不一样的山野之夜！',8,'山区登山口',10,0,'2023-12-16 21:00:00',21,0),(19,9,'2023-11-09 13:22:11','2023-12-08 06:54:41','城市摄影日','摄影爱好者们，本周末在城市各处拍摄美丽的风景。无论你是新手还是专业人士，都欢迎加入我们的摄影日活动！',8,'城市各处',25,0,'2023-12-16 13:00:00',41,0),(21,1,'2023-11-09 13:22:11','2023-12-08 04:10:39','宠物狂欢日','本周日在宠物公园举办一场宠物狂欢日。带上你的可爱宠物，与其他宠物主人一同分享快乐时光！',8,'宠物公园',30,0,'2023-12-17 15:00:00',41,0),(22,2,'2023-11-09 13:22:11','2023-12-08 01:54:48','篮球公开赛招募','准备在下个月举办一场篮球公开赛，现在开始招募各路高手，一起创造激动人心的比赛！',2,'市体育馆',20,0,'2024-01-05 18:00:00',42,0),(23,3,'2023-11-09 13:22:11','2023-12-08 06:54:45','创意绘画工作坊','本周六在艺术中心举办创意绘画工作坊。无论你是新手还是有经验的画家，都欢迎加入我们的活动！',8,'艺术中心',15,0,'2023-12-16 14:30:00',40,0),(30,3,'2023-12-08 07:01:49','2023-12-08 08:27:48','跑步，凌晨，比赛','跑步,1000m',7,'操场',3,0,'2023-12-08 15:01:49',1,0),(25,5,'2023-11-09 13:22:11','2023-12-08 08:27:57','周末团建活动','本周末组织一场团建活动，有趣的游戏和美食等你来！快来报名参加吧！',8,'团建基地',25,1,'2023-12-10 09:30:00',74,0);
/*!40000 ALTER TABLE `post` ENABLE KEYS */;
UNLOCK TABLES;

--
-- Table structure for table `post_1`
--

DROP TABLE IF EXISTS `post_1`;
/*!40101 SET @saved_cs_client     = @@character_set_client */;
/*!50503 SET character_set_client = utf8mb4 */;
CREATE TABLE `post_1` (
  `id` int DEFAULT NULL,
  `user_id` int DEFAULT NULL,
  `create_time` timestamp NULL DEFAULT NULL,
  `update_time` timestamp NULL DEFAULT NULL,
  `title` varchar(200) DEFAULT NULL,
  `content` text,
  `tab_id` tinyint DEFAULT NULL,
  `location` varchar(255) DEFAULT NULL,
  `max_people_num` int DEFAULT NULL,
  `now_people_num` int DEFAULT NULL,
  `active_time` datetime DEFAULT NULL,
  `click` int DEFAULT NULL,
  `cancel` int DEFAULT NULL
) ENGINE=InnoDB DEFAULT CHARSET=utf8mb4 COLLATE=utf8mb4_0900_ai_ci;
/*!40101 SET character_set_client = @saved_cs_client */;

--
-- Dumping data for table `post_1`
--

LOCK TABLES `post_1` WRITE;
/*!40000 ALTER TABLE `post_1` DISABLE KEYS */;
INSERT INTO `post_1` VALUES (1,1,'2023-11-09 13:22:11','2023-12-08 01:35:52','周末足球友谊赛','寻找球员参加本周六的友谊足球比赛。欢迎各个水平的朋友加入！',1,'城市公园',15,0,'2023-12-09 15:00:00',25,0),(2,2,'2023-11-09 13:22:11','2023-12-08 04:11:22','休闲篮球对战','在本地篮球场一起来投篮吧。欢迎大家加入！',2,'社区中心',10,0,'2023-12-10 18:30:00',16,0),(3,3,'2023-11-09 13:22:11','2023-12-08 03:09:41','羽毛球比赛报名','下周举办羽毛球比赛。现在报名，展示你的羽毛球技能！',3,'体育俱乐部',20,0,'2023-12-15 14:00:00',15,0),(4,4,'2023-11-09 13:22:11','2023-12-08 01:38:54','周日乒乓球大赛','欢迎参加本周日的乒乓球大赛。无论你是新手还是老手，都能找到对手！',4,'乒乓馆',12,0,'2023-12-10 16:00:00',27,0),(5,5,'2023-11-09 13:22:11','2023-12-07 13:22:28','网球爱好者约球','寻找一起打网球的小伙伴。场地在市立网球场，有兴趣的赶紧报名吧！',5,'市立网球场',8,0,'2023-12-16 10:00:00',18,0),(6,6,'2023-11-09 13:22:11','2023-12-08 06:51:53','周末排球大赛','本周末在沙滩上组织一场排球比赛。欢迎热爱排球的朋友一起加入！',6,'沙滩排球场',16,0,'2023-12-09 14:30:00',23,0),(7,7,'2023-11-09 13:22:11','2023-12-08 06:51:56','城市夜跑团','每周五晚上都有城市夜跑活动。欢迎喜欢夜跑的朋友们加入我们的团队！',7,'城市公园',30,0,'2023-12-08 20:00:00',43,0),(8,8,'2023-11-09 13:22:11','2023-12-07 13:22:28','其他运动挑战','寻找喜欢各种运动的小伙伴。有没有人愿意一起尝试一些新颖的运动？',8,'运动场',15,0,'2023-12-20 13:00:00',12,0),(9,9,'2023-11-09 13:22:11','2023-12-08 01:35:42','周三晨跑小组','寻找喜欢早晨慢跑的小伙伴。我们每周三早上在公园慢跑，一起锻炼身体吧！',7,'城市公园',20,0,'2023-12-13 07:00:00',34,0),(10,10,'2023-11-09 13:22:11','2023-12-07 13:29:51','篮球夜场挑战','在周五晚上的篮球夜场组织一场挑战赛。来测试一下你的篮球技术吧！',2,'夜场篮球场',12,0,'2023-12-15 19:00:00',19,0),(11,1,'2023-11-09 13:22:11','2023-12-08 04:11:06','户外攀岩体验','周末去山区体验一下户外攀岩。欢迎有兴趣的小伙伴一起来挑战自己！',8,'山区攀岩场',10,0,'2023-12-16 11:30:00',21,0),(12,2,'2023-11-09 13:22:11','2023-12-08 06:54:34','桌游爱好者聚会','本周末在咖啡馆组织一场桌游聚会。喜欢桌游的朋友快来加入我们吧！',8,'咖啡馆',15,0,'2023-12-09 16:00:00',26,0),(13,3,'2023-11-09 13:22:11','2023-12-07 13:31:30','社区健身瑜伽课','每周二和周四晚上在社区健身房组织瑜伽课程。欢迎瑜伽爱好者加入我们的小组！',8,'社区健身房',15,0,'2023-12-12 18:00:00',28,0),(14,4,'2023-11-09 13:22:11','2023-12-07 13:31:30','周末自行车骑行','计划在周末组织一次自行车骑行活动。穿越城市风景，欢迎大家一起参与！',8,'自行车道',20,0,'2023-12-17 10:30:00',22,0),(15,5,'2023-11-09 13:22:11','2023-12-08 09:33:26','草地滑板比赛','在城市公园的滑板场地举办一场滑板比赛。欢迎所有滑板爱好者来展示你的技术！',8,'城市公园滑板场',10,0,'2023-12-16 14:00:00',32,0),(16,6,'2023-11-09 13:22:11','2023-12-08 07:00:14','晨跑健康分享会','加入我们每周五早上的晨跑小组，跑步后我们会分享一些健康生活的小贴士。一起追求健康生活吧！',7,'城市公园',15,0,'2023-12-15 07:30:00',35,0),(17,7,'2023-11-09 13:22:11','2023-12-08 03:00:48','夜间登山挑战','在本周末的夜晚，计划进行一次夜间登山挑战。希望有兴趣的朋友一起参与，感受不一样的山野之夜！',8,'山区登山口',10,0,'2023-12-16 21:00:00',21,0),(19,9,'2023-11-09 13:22:11','2023-12-08 06:54:41','城市摄影日','摄影爱好者们，本周末在城市各处拍摄美丽的风景。无论你是新手还是专业人士，都欢迎加入我们的摄影日活动！',8,'城市各处',25,0,'2023-12-16 13:00:00',41,0),(21,1,'2023-11-09 13:22:11','2023-12-08 04:10:39','宠物狂欢日','本周日在宠物公园举办一场宠物狂欢日。带上你的可爱宠物，与其他宠物主人一同分享快乐时光！',8,'宠物公园',30,0,'2023-12-17 15:00:00',41,0),(22,2,'2023-11-09 13:22:11','2023-12-08 01:54:48','篮球公开赛招募','准备在下个月举办一场篮球公开赛，现在开始招募各路高手，一起创造激动人心的比赛！',2,'市体育馆',20,0,'2024-01-05 18:00:00',42,0),(23,3,'2023-11-09 13:22:11','2023-12-08 06:54:45','创意绘画工作坊','本周六在艺术中心举办创意绘画工作坊。无论你是新手还是有经验的画家，都欢迎加入我们的活动！',8,'艺术中心',15,0,'2023-12-16 14:30:00',40,0),(30,3,'2023-12-08 07:01:49','2023-12-08 08:27:48','跑步，凌晨，比赛','跑步,1000m',7,'操场',3,0,'2023-12-08 15:01:49',1,0),(25,5,'2023-11-09 13:22:11','2023-12-08 08:27:57','周末团建活动','本周末组织一场团建活动，有趣的游戏和美食等你来！快来报名参加吧！',8,'团建基地',25,1,'2023-12-10 09:30:00',74,0);
/*!40000 ALTER TABLE `post_1` ENABLE KEYS */;
UNLOCK TABLES;

--
-- Table structure for table `reply`
--

DROP TABLE IF EXISTS `reply`;
/*!40101 SET @saved_cs_client     = @@character_set_client */;
/*!50503 SET character_set_client = utf8mb4 */;
CREATE TABLE `reply` (
  `id` bigint NOT NULL AUTO_INCREMENT COMMENT '回复id',
  `post_id` int NOT NULL COMMENT '帖子id',
  `reply_user_id` int NOT NULL COMMENT '用户id',
  `content` text CHARACTER SET utf8mb4 COLLATE utf8mb4_0900_ai_ci NOT NULL COMMENT '回复内容',
  `create_time` timestamp NULL DEFAULT NULL COMMENT '创建时间',
  `update_time` timestamp NULL DEFAULT CURRENT_TIMESTAMP ON UPDATE CURRENT_TIMESTAMP COMMENT '修改时间',
  `device` varchar(20) CHARACTER SET utf8mb4 COLLATE utf8mb4_0900_ai_ci DEFAULT NULL COMMENT '设备',
  PRIMARY KEY (`id`)
) ENGINE=MyISAM AUTO_INCREMENT=49 DEFAULT CHARSET=utf8mb4 COLLATE=utf8mb4_unicode_ci;
/*!40101 SET character_set_client = @saved_cs_client */;

--
-- Dumping data for table `reply`
--

LOCK TABLES `reply` WRITE;
/*!40000 ALTER TABLE `reply` DISABLE KEYS */;
INSERT INTO `reply` VALUES (1,1,4,'希望能参加足球比赛，看起来很有趣！','2023-12-08 12:45:00','2023-12-07 12:44:02','Android Phone'),(2,2,8,'我是篮球迷，我会来参加的！','2023-12-09 10:30:00','2023-12-07 12:44:02','iPhone'),(3,3,12,'报名参加羽毛球比赛！','2023-12-10 15:20:00','2023-12-07 12:44:02','iPad'),(4,4,6,'乒乓球大赛要来一波！','2023-12-11 09:15:00','2023-12-07 12:44:02','Desktop PC'),(5,15,7,'很喜欢草地滑板比赛的主意，我会参加的！','2023-12-16 16:45:00','2023-12-07 12:44:02','Android Tablet'),(6,7,15,'夜跑团好有趣，周五见！','2023-12-12 19:30:00','2023-12-07 12:44:02','iPhone'),(7,18,22,'我对创意绘画很感兴趣，可以告诉我详细信息吗？','2023-12-13 12:15:00','2023-12-07 12:44:02','Desktop PC'),(8,23,9,'我会参加城市滑板联谊赛，一定要准备好了！','2023-12-17 10:00:00','2023-12-07 12:44:02','Laptop'),(9,15,7,'很喜欢草地滑板比赛的主意，我会参加的！','2023-12-16 16:45:00','2023-12-07 12:44:02','Android Tablet'),(10,7,15,'夜跑团好有趣，周五见！','2023-12-12 19:30:00','2023-12-07 12:44:02','iPhone'),(11,18,22,'我对创意绘画很感兴趣，可以告诉我详细信息吗？','2023-12-13 12:15:00','2023-12-07 12:44:02','Desktop PC'),(12,23,9,'我会参加城市滑板联谊赛，一定要准备好了！','2023-12-17 10:00:00','2023-12-07 12:44:02','Laptop'),(13,2,5,'篮球夜场挑战我会去的，准备好迎接挑战吧！','2023-12-11 20:45:00','2023-12-07 12:44:02','iPhone'),(14,10,14,'参加夜间登山挑战，这可是个刺激的活动！','2023-12-15 22:10:00','2023-12-07 12:44:02','Android Tablet'),(15,22,19,'篮球公开赛招募我报名了，希望能碰到一些高手！','2023-12-20 16:30:00','2023-12-07 12:44:02','Laptop'),(16,15,21,'草地滑板比赛很酷，我会准时参加的！','2023-12-18 11:25:00','2023-12-07 12:44:02','iPad'),(17,7,8,'夜跑团活动真的很健康，有助于提高身体素质。大家一起加油！','2023-12-23 06:45:00','2023-12-07 12:44:02','Android Phone'),(18,14,10,'我也喜欢篮球，周末一定来参加比赛！','2023-12-25 14:20:00','2023-12-07 12:44:02','iPhone'),(19,5,13,'网球比赛我很感兴趣，有没有人一起组队参加？','2023-12-26 09:45:00','2023-12-07 12:44:02','Android Tablet'),(20,23,16,'创意绘画工作坊是免费的吗？有没有需要准备的材料？','2023-12-27 11:30:00','2023-12-07 12:44:02','Desktop PC'),(21,8,18,'园艺交流会是不是只谈花草？我也想分享一些家养小动物的经验。','2023-12-28 16:15:00','2023-12-07 12:44:02','Laptop'),(22,18,23,'园艺交流会，太期待了，我会带上我培育的多肉植物。','2023-12-30 10:00:00','2023-12-07 12:44:02','iPhone'),(23,12,8,'桌游爱好者聚会我一定不会错过，希望能认识更多志同道合的朋友。','2023-12-31 18:45:00','2023-12-07 12:44:02','Android Phone'),(24,24,20,'城市滑板联谊赛有没有新手组？我刚刚开始学滑板。','2024-01-02 14:30:00','2023-12-07 12:44:02','Laptop'),(25,22,17,'篮球公开赛我已经报名啦，期待和大家一场激烈的比赛！','2024-01-03 10:20:00','2023-12-07 12:44:02','iPhone'),(26,15,14,'草地滑板比赛好刺激，我会穿上保护装备来参加的。','2024-01-05 16:15:00','2023-12-07 12:44:02','Android Tablet'),(27,3,9,'羽毛球比赛报名了，希望能碰到一些对手，共同进步。','2024-01-10 11:00:00','2023-12-07 12:44:02','iPad'),(28,17,12,'夜间登山挑战我也报名了，希望大家都能顺利完成挑战！','2024-01-12 09:30:00','2023-12-07 12:44:02','Android Phone'),(29,13,5,'社区健身瑜伽课很适合初学者，我一直想尝试瑜伽。','2024-01-15 14:20:00','2023-12-07 12:44:02','iPhone'),(30,21,18,'宠物狂欢日我会带上我的狗狗，期待和大家一同分享快乐。','2024-01-18 15:45:00','2023-12-07 12:44:02','Android Tablet'),(31,16,22,'晨跑健康分享会我喜欢，希望能认识更多喜欢运动的朋友。','2024-01-20 08:10:00','2023-12-07 12:44:02','Desktop PC'),(32,5,7,'网球比赛组队我有兴趣，一起组队的小伙伴请私信我！','2024-01-28 12:30:00','2023-12-07 12:44:02','Android Phone'),(33,8,23,'园艺交流会，我会分享一些养花的心得，期待和大家交流。','2024-02-01 14:45:00','2023-12-07 12:44:02','iPhone'),(34,19,15,'城市摄影日我会带上相机，和大家一起记录美好瞬间。','2024-02-05 11:20:00','2023-12-07 12:44:02','Android Tablet'),(35,12,19,'桌游爱好者聚会我会携带一些新的桌游，大家一起玩吧！','2024-02-10 18:00:00','2023-12-07 12:44:02','Desktop PC'),(36,15,16,'草地滑板比赛太刺激了，大家都准备好保护装备哦！','2024-02-20 16:30:00','2023-12-07 12:44:02','Android Phone'),(37,20,8,'跆拳道体验课我报名了，希望能学到一些实用的防身技巧。','2024-02-25 19:45:00','2023-12-07 12:44:02','iPhone'),(38,23,22,'创意绘画工作坊免费参加太好了，我肯定会去的。','2024-03-01 11:20:00','2023-12-07 12:44:02','Android Tablet'),(39,14,18,'篮球夜场挑战我已经准备好了，等待比赛的刺激！','2024-03-05 18:00:00','2023-12-07 12:44:02','Desktop PC'),(40,3,3,'niude','2023-12-07 14:38:40','2023-12-07 14:38:40',NULL),(41,25,3,'你好','2023-12-07 14:39:43','2023-12-07 14:39:43',NULL),(42,25,3,'nihaoya','2023-12-07 14:41:53','2023-12-07 14:41:53',NULL),(43,20,3,'期待哦','2023-12-08 01:40:27','2023-12-08 01:40:27',NULL),(44,28,1,'我来了','2023-12-08 04:02:48','2023-12-08 04:02:48',NULL),(45,15,3,'等我啊','2023-12-08 06:47:40','2023-12-08 06:47:40',NULL),(46,28,3,'在线等','2023-12-08 06:47:50','2023-12-08 06:47:50',NULL),(47,28,3,'在吗，还在吗','2023-12-08 06:54:14','2023-12-08 06:54:14',NULL),(48,16,3,'在','2023-12-08 06:59:57','2023-12-08 06:59:57',NULL);
/*!40000 ALTER TABLE `reply` ENABLE KEYS */;
UNLOCK TABLES;

--
-- Table structure for table `reply_1`
--

DROP TABLE IF EXISTS `reply_1`;
/*!40101 SET @saved_cs_client     = @@character_set_client */;
/*!50503 SET character_set_client = utf8mb4 */;
CREATE TABLE `reply_1` (
  `id` bigint DEFAULT NULL,
  `post_id` int DEFAULT NULL,
  `reply_user_id` int DEFAULT NULL,
  `content` text,
  `create_time` timestamp NULL DEFAULT NULL,
  `update_time` timestamp NULL DEFAULT NULL,
  `device` varchar(20) DEFAULT NULL
) ENGINE=InnoDB DEFAULT CHARSET=utf8mb4 COLLATE=utf8mb4_0900_ai_ci;
/*!40101 SET character_set_client = @saved_cs_client */;

--
-- Dumping data for table `reply_1`
--

LOCK TABLES `reply_1` WRITE;
/*!40000 ALTER TABLE `reply_1` DISABLE KEYS */;
INSERT INTO `reply_1` VALUES (1,1,4,'希望能参加足球比赛，看起来很有趣！','2023-12-08 12:45:00','2023-12-07 12:44:02','Android Phone'),(2,2,8,'我是篮球迷，我会来参加的！','2023-12-09 10:30:00','2023-12-07 12:44:02','iPhone'),(3,3,12,'报名参加羽毛球比赛！','2023-12-10 15:20:00','2023-12-07 12:44:02','iPad'),(4,4,6,'乒乓球大赛要来一波！','2023-12-11 09:15:00','2023-12-07 12:44:02','Desktop PC'),(5,15,7,'很喜欢草地滑板比赛的主意，我会参加的！','2023-12-16 16:45:00','2023-12-07 12:44:02','Android Tablet'),(6,7,15,'夜跑团好有趣，周五见！','2023-12-12 19:30:00','2023-12-07 12:44:02','iPhone'),(7,18,22,'我对创意绘画很感兴趣，可以告诉我详细信息吗？','2023-12-13 12:15:00','2023-12-07 12:44:02','Desktop PC'),(8,23,9,'我会参加城市滑板联谊赛，一定要准备好了！','2023-12-17 10:00:00','2023-12-07 12:44:02','Laptop'),(9,15,7,'很喜欢草地滑板比赛的主意，我会参加的！','2023-12-16 16:45:00','2023-12-07 12:44:02','Android Tablet'),(10,7,15,'夜跑团好有趣，周五见！','2023-12-12 19:30:00','2023-12-07 12:44:02','iPhone'),(11,18,22,'我对创意绘画很感兴趣，可以告诉我详细信息吗？','2023-12-13 12:15:00','2023-12-07 12:44:02','Desktop PC'),(12,23,9,'我会参加城市滑板联谊赛，一定要准备好了！','2023-12-17 10:00:00','2023-12-07 12:44:02','Laptop'),(13,2,5,'篮球夜场挑战我会去的，准备好迎接挑战吧！','2023-12-11 20:45:00','2023-12-07 12:44:02','iPhone'),(14,10,14,'参加夜间登山挑战，这可是个刺激的活动！','2023-12-15 22:10:00','2023-12-07 12:44:02','Android Tablet'),(15,22,19,'篮球公开赛招募我报名了，希望能碰到一些高手！','2023-12-20 16:30:00','2023-12-07 12:44:02','Laptop'),(16,15,21,'草地滑板比赛很酷，我会准时参加的！','2023-12-18 11:25:00','2023-12-07 12:44:02','iPad'),(17,7,8,'夜跑团活动真的很健康，有助于提高身体素质。大家一起加油！','2023-12-23 06:45:00','2023-12-07 12:44:02','Android Phone'),(18,14,10,'我也喜欢篮球，周末一定来参加比赛！','2023-12-25 14:20:00','2023-12-07 12:44:02','iPhone'),(19,5,13,'网球比赛我很感兴趣，有没有人一起组队参加？','2023-12-26 09:45:00','2023-12-07 12:44:02','Android Tablet'),(20,23,16,'创意绘画工作坊是免费的吗？有没有需要准备的材料？','2023-12-27 11:30:00','2023-12-07 12:44:02','Desktop PC'),(21,8,18,'园艺交流会是不是只谈花草？我也想分享一些家养小动物的经验。','2023-12-28 16:15:00','2023-12-07 12:44:02','Laptop'),(22,18,23,'园艺交流会，太期待了，我会带上我培育的多肉植物。','2023-12-30 10:00:00','2023-12-07 12:44:02','iPhone'),(23,12,8,'桌游爱好者聚会我一定不会错过，希望能认识更多志同道合的朋友。','2023-12-31 18:45:00','2023-12-07 12:44:02','Android Phone'),(24,24,20,'城市滑板联谊赛有没有新手组？我刚刚开始学滑板。','2024-01-02 14:30:00','2023-12-07 12:44:02','Laptop'),(25,22,17,'篮球公开赛我已经报名啦，期待和大家一场激烈的比赛！','2024-01-03 10:20:00','2023-12-07 12:44:02','iPhone'),(26,15,14,'草地滑板比赛好刺激，我会穿上保护装备来参加的。','2024-01-05 16:15:00','2023-12-07 12:44:02','Android Tablet'),(27,3,9,'羽毛球比赛报名了，希望能碰到一些对手，共同进步。','2024-01-10 11:00:00','2023-12-07 12:44:02','iPad'),(28,17,12,'夜间登山挑战我也报名了，希望大家都能顺利完成挑战！','2024-01-12 09:30:00','2023-12-07 12:44:02','Android Phone'),(29,13,5,'社区健身瑜伽课很适合初学者，我一直想尝试瑜伽。','2024-01-15 14:20:00','2023-12-07 12:44:02','iPhone'),(30,21,18,'宠物狂欢日我会带上我的狗狗，期待和大家一同分享快乐。','2024-01-18 15:45:00','2023-12-07 12:44:02','Android Tablet'),(31,16,22,'晨跑健康分享会我喜欢，希望能认识更多喜欢运动的朋友。','2024-01-20 08:10:00','2023-12-07 12:44:02','Desktop PC'),(32,5,7,'网球比赛组队我有兴趣，一起组队的小伙伴请私信我！','2024-01-28 12:30:00','2023-12-07 12:44:02','Android Phone'),(33,8,23,'园艺交流会，我会分享一些养花的心得，期待和大家交流。','2024-02-01 14:45:00','2023-12-07 12:44:02','iPhone'),(34,19,15,'城市摄影日我会带上相机，和大家一起记录美好瞬间。','2024-02-05 11:20:00','2023-12-07 12:44:02','Android Tablet'),(35,12,19,'桌游爱好者聚会我会携带一些新的桌游，大家一起玩吧！','2024-02-10 18:00:00','2023-12-07 12:44:02','Desktop PC'),(36,15,16,'草地滑板比赛太刺激了，大家都准备好保护装备哦！','2024-02-20 16:30:00','2023-12-07 12:44:02','Android Phone'),(37,20,8,'跆拳道体验课我报名了，希望能学到一些实用的防身技巧。','2024-02-25 19:45:00','2023-12-07 12:44:02','iPhone'),(38,23,22,'创意绘画工作坊免费参加太好了，我肯定会去的。','2024-03-01 11:20:00','2023-12-07 12:44:02','Android Tablet'),(39,14,18,'篮球夜场挑战我已经准备好了，等待比赛的刺激！','2024-03-05 18:00:00','2023-12-07 12:44:02','Desktop PC'),(40,3,3,'niude','2023-12-07 14:38:40','2023-12-07 14:38:40',NULL),(41,25,3,'你好','2023-12-07 14:39:43','2023-12-07 14:39:43',NULL),(42,25,3,'nihaoya','2023-12-07 14:41:53','2023-12-07 14:41:53',NULL),(43,20,3,'期待哦','2023-12-08 01:40:27','2023-12-08 01:40:27',NULL),(44,28,1,'我来了','2023-12-08 04:02:48','2023-12-08 04:02:48',NULL),(45,15,3,'等我啊','2023-12-08 06:47:40','2023-12-08 06:47:40',NULL),(46,28,3,'在线等','2023-12-08 06:47:50','2023-12-08 06:47:50',NULL),(47,28,3,'在吗，还在吗','2023-12-08 06:54:14','2023-12-08 06:54:14',NULL),(48,16,3,'在','2023-12-08 06:59:57','2023-12-08 06:59:57',NULL);
/*!40000 ALTER TABLE `reply_1` ENABLE KEYS */;
UNLOCK TABLES;

--
-- Table structure for table `tab`
--

DROP TABLE IF EXISTS `tab`;
/*!40101 SET @saved_cs_client     = @@character_set_client */;
/*!50503 SET character_set_client = utf8mb4 */;
CREATE TABLE `tab` (
  `id` int NOT NULL AUTO_INCREMENT COMMENT '板块ID',
  `tab_name` varchar(50) NOT NULL COMMENT '板块名',
  `tab_name_en` varchar(20) NOT NULL,
  PRIMARY KEY (`id`)
) ENGINE=MyISAM AUTO_INCREMENT=9 DEFAULT CHARSET=utf8mb4 COLLATE=utf8mb4_0900_ai_ci;
/*!40101 SET character_set_client = @saved_cs_client */;

--
-- Dumping data for table `tab`
--

LOCK TABLES `tab` WRITE;
/*!40000 ALTER TABLE `tab` DISABLE KEYS */;
INSERT INTO `tab` VALUES (1,'足球','football'),(2,'篮球','basketball'),(3,'羽毛球','badminton'),(4,'乒乓球','pingpong'),(5,'网球','tennis'),(6,'排球','volleyball'),(7,'跑步','run'),(8,'其他','others');
/*!40000 ALTER TABLE `tab` ENABLE KEYS */;
UNLOCK TABLES;

--
-- Table structure for table `tab_1`
--

DROP TABLE IF EXISTS `tab_1`;
/*!40101 SET @saved_cs_client     = @@character_set_client */;
/*!50503 SET character_set_client = utf8mb4 */;
CREATE TABLE `tab_1` (
  `id` int DEFAULT NULL,
  `tab_name` varchar(50) DEFAULT NULL,
  `tab_name_en` varchar(20) DEFAULT NULL
) ENGINE=InnoDB DEFAULT CHARSET=utf8mb4 COLLATE=utf8mb4_0900_ai_ci;
/*!40101 SET character_set_client = @saved_cs_client */;

--
-- Dumping data for table `tab_1`
--

LOCK TABLES `tab_1` WRITE;
/*!40000 ALTER TABLE `tab_1` DISABLE KEYS */;
INSERT INTO `tab_1` VALUES (1,'足球','football'),(2,'篮球','basketball'),(3,'羽毛球','badminton'),(4,'乒乓球','pingpong'),(5,'网球','tennis'),(6,'排球','volleyball'),(7,'跑步','run'),(8,'其他','others');
/*!40000 ALTER TABLE `tab_1` ENABLE KEYS */;
UNLOCK TABLES;

--
-- Table structure for table `user`
--

DROP TABLE IF EXISTS `user`;
/*!40101 SET @saved_cs_client     = @@character_set_client */;
/*!50503 SET character_set_client = utf8mb4 */;
CREATE TABLE `user` (
  `id` int NOT NULL AUTO_INCREMENT COMMENT '用户唯一ID',
  `username` varchar(30) NOT NULL COMMENT '用户名',
  `password` varchar(50) NOT NULL COMMENT '密码',
  `email` varchar(50) DEFAULT NULL COMMENT '邮箱',
  `phone_num` varchar(15) DEFAULT NULL COMMENT '手机号',
  `introduce` varchar(255) DEFAULT NULL COMMENT '个人介绍',
  `create_time` timestamp NULL DEFAULT NULL COMMENT '创建时间',
  `update_time` timestamp NULL DEFAULT CURRENT_TIMESTAMP ON UPDATE CURRENT_TIMESTAMP COMMENT '更新时间',
  `avatar` varchar(100) DEFAULT NULL COMMENT '头像url',
  `type` tinyint NOT NULL DEFAULT '0' COMMENT '用户类型,0为普通用户,1为管理员',
  PRIMARY KEY (`id`)
) ENGINE=MyISAM AUTO_INCREMENT=11 DEFAULT CHARSET=utf8mb4 COLLATE=utf8mb4_0900_ai_ci;
/*!40101 SET character_set_client = @saved_cs_client */;

--
-- Dumping data for table `user`
--

LOCK TABLES `user` WRITE;
/*!40000 ALTER TABLE `user` DISABLE KEYS */;
INSERT INTO `user` VALUES (1,'Tom','6AD14BA9986E3615423DFCA256D04E3F','tom@example.com','13800138024','I love playing football.','2023-12-07 12:48:09','2023-12-07 13:50:13','../static/img/avatar/avatar-default-1.png',0),(2,'Jerry','6AD14BA9986E3615423DFCA256D04E3F','jerry@example.com','13800138035','I enjoy hanging out with friends.','2023-12-07 12:48:09','2023-12-07 13:50:13','../static/img/avatar/avatar-default-2.png',0),(3,'parsley','6AD14BA9986E3615423DFCA256D04E3F','zhangxiaohua@example.com','13800138046','我喜欢打篮球。','2023-12-07 12:48:09','2023-12-07 13:50:53','../static/img/avatar/avatar-default-3.png',0),(4,'whichOne','6AD14BA9986E3615423DFCA256D04E3F','lidashi@example.com','13800138057','我喜欢和朋友们一起旅行。','2023-12-07 12:48:09','2023-12-07 13:50:53','../static/img/avatar/avatar-default-4.png',0),(5,'Alice','6AD14BA9986E3615423DFCA256D04E3F','alice@example.com','13800138068','I love going to the gym.','2023-12-07 12:48:09','2023-12-07 13:50:13','../static/img/avatar/avatar-default-5.png',0),(6,'Bob','6AD14BA9986E3615423DFCA256D04E3F','bob@example.com','13800138079','I enjoy attending social events.','2023-12-07 12:48:09','2023-12-07 13:50:13','../static/img/avatar/avatar-default-1.png',0),(7,'loveYou','6AD14BA9986E3615423DFCA256D04E3F','wangxiaoming@example.com','13800138080','我喜欢跑步。','2023-12-07 12:48:09','2023-12-07 13:50:53','../static/img/avatar/avatar-default-2.png',0),(8,'David','6AD14BA9986E3615423DFCA256D04E3F','david@example.com','13800138091','I love meeting new people.','2023-12-07 12:48:09','2023-12-07 13:50:13','../static/img/avatar/avatar-default-3.png',0),(9,'Eve','6AD14BA9986E3615423DFCA256D04E3F','eve@example.com','13800138002','I enjoy playing tennis.','2023-12-07 12:48:09','2023-12-07 13:50:13','../static/img/avatar/avatar-default-4.png',0),(10,'BIGSTRONG','6AD14BA9986E3615423DFCA256D04E3F','zhaodashan@example.com','13800138013','我喜欢参加社交活动。','2023-12-07 12:48:09','2023-12-07 13:50:53','../static/img/avatar/avatar-default-5.png',0);
/*!40000 ALTER TABLE `user` ENABLE KEYS */;
UNLOCK TABLES;

--
-- Table structure for table `user_1`
--

DROP TABLE IF EXISTS `user_1`;
/*!40101 SET @saved_cs_client     = @@character_set_client */;
/*!50503 SET character_set_client = utf8mb4 */;
CREATE TABLE `user_1` (
  `id` int DEFAULT NULL,
  `username` varchar(30) DEFAULT NULL,
  `password` varchar(50) DEFAULT NULL,
  `email` varchar(50) DEFAULT NULL,
  `phone_num` varchar(15) DEFAULT NULL,
  `introduce` varchar(255) DEFAULT NULL,
  `create_time` timestamp NULL DEFAULT NULL,
  `update_time` timestamp NULL DEFAULT NULL,
  `avatar` varchar(100) DEFAULT NULL,
  `type` tinyint DEFAULT NULL
) ENGINE=InnoDB DEFAULT CHARSET=utf8mb4 COLLATE=utf8mb4_0900_ai_ci;
/*!40101 SET character_set_client = @saved_cs_client */;

--
-- Dumping data for table `user_1`
--

LOCK TABLES `user_1` WRITE;
/*!40000 ALTER TABLE `user_1` DISABLE KEYS */;
INSERT INTO `user_1` VALUES (1,'Tom','6AD14BA9986E3615423DFCA256D04E3F','tom@example.com','13800138024','I love playing football.','2023-12-07 12:48:09','2023-12-07 13:50:13','../static/img/avatar/avatar-default-1.png',0),(2,'Jerry','6AD14BA9986E3615423DFCA256D04E3F','jerry@example.com','13800138035','I enjoy hanging out with friends.','2023-12-07 12:48:09','2023-12-07 13:50:13','../static/img/avatar/avatar-default-2.png',0),(3,'parsley','6AD14BA9986E3615423DFCA256D04E3F','zhangxiaohua@example.com','13800138046','我喜欢打篮球。','2023-12-07 12:48:09','2023-12-07 13:50:53','../static/img/avatar/avatar-default-3.png',0),(4,'whichOne','6AD14BA9986E3615423DFCA256D04E3F','lidashi@example.com','13800138057','我喜欢和朋友们一起旅行。','2023-12-07 12:48:09','2023-12-07 13:50:53','../static/img/avatar/avatar-default-4.png',0),(5,'Alice','6AD14BA9986E3615423DFCA256D04E3F','alice@example.com','13800138068','I love going to the gym.','2023-12-07 12:48:09','2023-12-07 13:50:13','../static/img/avatar/avatar-default-5.png',0),(6,'Bob','6AD14BA9986E3615423DFCA256D04E3F','bob@example.com','13800138079','I enjoy attending social events.','2023-12-07 12:48:09','2023-12-07 13:50:13','../static/img/avatar/avatar-default-1.png',0),(7,'loveYou','6AD14BA9986E3615423DFCA256D04E3F','wangxiaoming@example.com','13800138080','我喜欢跑步。','2023-12-07 12:48:09','2023-12-07 13:50:53','../static/img/avatar/avatar-default-2.png',0),(8,'David','6AD14BA9986E3615423DFCA256D04E3F','david@example.com','13800138091','I love meeting new people.','2023-12-07 12:48:09','2023-12-07 13:50:13','../static/img/avatar/avatar-default-3.png',0),(9,'Eve','6AD14BA9986E3615423DFCA256D04E3F','eve@example.com','13800138002','I enjoy playing tennis.','2023-12-07 12:48:09','2023-12-07 13:50:13','../static/img/avatar/avatar-default-4.png',0),(10,'BIGSTRONG','6AD14BA9986E3615423DFCA256D04E3F','zhaodashan@example.com','13800138013','我喜欢参加社交活动。','2023-12-07 12:48:09','2023-12-07 13:50:53','../static/img/avatar/avatar-default-5.png',0);
/*!40000 ALTER TABLE `user_1` ENABLE KEYS */;
UNLOCK TABLES;
/*!40103 SET TIME_ZONE=@OLD_TIME_ZONE */;

/*!40101 SET SQL_MODE=@OLD_SQL_MODE */;
/*!40014 SET FOREIGN_KEY_CHECKS=@OLD_FOREIGN_KEY_CHECKS */;
/*!40014 SET UNIQUE_CHECKS=@OLD_UNIQUE_CHECKS */;
/*!40101 SET CHARACTER_SET_CLIENT=@OLD_CHARACTER_SET_CLIENT */;
/*!40101 SET CHARACTER_SET_RESULTS=@OLD_CHARACTER_SET_RESULTS */;
/*!40101 SET COLLATION_CONNECTION=@OLD_COLLATION_CONNECTION */;
/*!40111 SET SQL_NOTES=@OLD_SQL_NOTES */;

-- Dump completed on 2023-12-10 20:01:30
